{"cameraMode":{"drawMode":0,"name":"Shaded","section":"Shading Mode"},"sceneLighting":true,"audioPlay":false,"sceneViewState":{"showFog":true,"showMaterialUpdate":false,"showSkybox":true,"showFlares":true,"showImageEffects":true,"showParticleSystems":true},"in2DMode":false,"pivot":{"x":1.4994080066680909,"y":-0.2788596451282501,"z":-0.4471259117126465},"rotation":{"x":-0.13589777052402497,"y":-0.7230937480926514,"z":0.1486772894859314,"w":-0.6607660055160523},"size":2.731778860092163,"orthographic":false}